ML+biodiversity,WOS_counts
Regression tree AND biodiversity,962
decision tree AND biodiversity,667
Logistic regression AND biodiversity,547
boosting AND biodiversity,531
Maximum entropy AND biodiversity,359
machine learning AND biodiversity,264
Neural Network AND biodiversity,254
Support vector machine AND biodiversity,142
deep learning AND biodiversity,77
Partial least square regression AND biodiversity,75
computer vision AND biodiversity,42
Gaussian process model AND biodiversity,24
Convolutional Neural Network AND biodiversity,20
Fully connected neural network AND biodiversity,0
Generative adversarial model AND biodiversity,0
